ãƒ‰ã‚­ãƒ¥ãƒ¡ãƒ³ãƒˆå,ã‚¿ã‚°ï¼ˆå¤§ï¼‰,ã‚¿ã‚°ï¼ˆå°ï¼‰,ã‚¹ãƒ†ãƒ¼ã‚¿ã‚¹,URL,æœ€çµ‚æ›´æ–°æ—¥,ä½œæˆè€…
00_åŸºæœ¬è³‡æ–™,00_åŸºæœ¬è³‡æ–™,,æœªç€æ‰‹,https://www.google.com/url?sa=E&source=gmail&q=https://drive.google.com/drive/folders/15Je3_m7MVJJWRdeUnD_GXNflIdbmygBU,,ç¥æˆ
00_æå‡ºç”¨ã‚¹ãƒ—ã‚·åŸæœ¬,00_åŸºæœ¬è³‡æ–™,æå‡ºç”¨åŸæœ¬,æœªç€æ‰‹,https://www.google.com/url?sa=E&source=gmail&q=https://drive.google.com/drive/folders/1fryC5Egace9T8h0cFDY0XQA9riB3pUYB,,ç¥æˆ
ã€‡ã€‡ä¼æ¥­æ§˜æå‡ºç”¨ãƒ•ã‚©ãƒ«ãƒ€,00_åŸºæœ¬è³‡æ–™,æå‡ºç”¨åŸæœ¬,æœªç€æ‰‹,https://www.google.com/url?sa=E&source=gmail&q=https://drive.google.com/drive/folders/1t09KKUrSJyZ0wCyAmYp-n6M-jF551n5i,,ç¥æˆ
ã€‡ã€‡æ ªå¼ä¼šç¤¾,00_åŸºæœ¬è³‡æ–™,æå‡ºç”¨åŸæœ¬,æœªç€æ‰‹,https://www.google.com/url?sa=E&source=gmail&q=https://drive.google.com/drive/folders/1Wv2OIxh7PlZONHRHB2K6g-_D_KxVDl4Z,,ç¥æˆ
ã€SFF2026ã€‘å”è³›ãƒªã‚¿ãƒ¼ãƒ³_ã‚ªãƒªã‚¨ãƒ³ã‚·ãƒ¼ãƒˆ_ã€‡ã€‡ä¼æ¥­æ§˜.xlsx,04_å”è³›,"å”è³›ãƒªã‚¿ãƒ¼ãƒ³, ã‚ªãƒªã‚¨ãƒ³ã‚·ãƒ¼ãƒˆ",æœªç€æ‰‹,https://docs.google.com/spreadsheets/d/1f0zbedjpKY0AaGd97HIby89kAEdVCHEm5xVyJyLLPug/edit?usp=drivesdk,,ç¥æˆ
04_å”è³›,04_å”è³›,ç‰©èªã‚Šãƒãƒ¼ãƒˆ,æœªç€æ‰‹,https://www.google.com/url?sa=E&source=gmail&q=https://drive.google.com/drive/folders/1amPA7tk_dDtcVJ19fDbEyQbZDA74z3jC,,ç¥æˆ
2026_å”è³›ä¸€è¦§,04_å”è³›,åˆ¥æ åœ°åŸŸæ ,æœªç€æ‰‹,https://docs.google.com/spreadsheets/d/1TiEd8DEqodrrjV9GVAmXHsfiikGM_c5_2uUbTsaElQI/edit?usp=drivesdk,,ç¥æˆ
2026_å”è³›å‹Ÿé›†è©³ç´°è³‡æ–™,04_å”è³›,åˆ¥æ åœ°åŸŸæ ,æœªç€æ‰‹,https://docs.google.com/document/d/1_PZa6T_vLYjqG2sVE-klOmDIUrQKVkp-gOWA4okL_ec/edit?usp=drivesdk,,ç¥æˆ
2026_å”è³›è³‡æ–™æ§‹æˆæ¡ˆ,04_å”è³›,åˆ¥æ åœ°åŸŸæ ,æœªç€æ‰‹,https://docs.google.com/document/d/1hIr7keDztIZMpqUufWXBPl9QA_wif0uVNM8Lk0Fq1FQ/edit?usp=drivesdk,,ç¥æˆ
ã€SFF2026ã€‘å”è³›ãƒªã‚¿ãƒ¼ãƒ³_ã‚ªãƒªã‚¨ãƒ³ã‚·ãƒ¼ãƒˆ_åŸæœ¬,04_å”è³›,"å”è³›ãƒªã‚¿ãƒ¼ãƒ³, ã‚ªãƒªã‚¨ãƒ³ã‚·ãƒ¼ãƒˆ, åŸæœ¬",æœªç€æ‰‹,https://docs.google.com/spreadsheets/d/1muh6fYtjGXAHPjitIo9nv8A8gbL_FzcyZSObAxJa86g/edit?usp=drivesdk,,ç¥æˆ
ã€SFF2026ã€‘å”è³›ãƒªã‚¿ãƒ¼ãƒ³_ã‚ªãƒªã‚¨ãƒ³ã‚·ãƒ¼ãƒˆ_åˆåŒä¼šç¤¾PowerLifeæ§˜.xlsx,04_å”è³›,"å”è³›ãƒªã‚¿ãƒ¼ãƒ³, ã‚ªãƒªã‚¨ãƒ³ã‚·ãƒ¼ãƒˆ",æœªç€æ‰‹,https://docs.google.com/spreadsheets/d/1DERZbPuSxn9GTbR8V4NmhuvLRl4FkghjLjiBoedmM8s/edit?usp=drivesdk,,ç¥æˆ
ã€SFF2026ã€‘å”è³›ãƒªã‚¿ãƒ¼ãƒ³_éç¨‹ã‚¤ãƒ™ãƒ³ãƒˆä¼ç”»æ›¸_ã€‡ã€‡æ§˜.xlsx,04_å”è³›,"å”è³›ãƒªã‚¿ãƒ¼ãƒ³, éç¨‹ã‚¤ãƒ™ãƒ³ãƒˆä¼ç”»æ›¸",æœªç€æ‰‹,https://docs.google.com/spreadsheets/d/1u4jwZqKgeG5bx2n3JKCyrJUXRR4gUCvPm_na5p5aQyo/edit?usp=drivesdk,,ç¥æˆ
ã€SFF2026ã€‘å”è³›ãƒªã‚¿ãƒ¼ãƒ³_éç¨‹ã‚¤ãƒ™ãƒ³ãƒˆä¼ç”»æ›¸_åˆåŒä¼šç¤¾PowerLifeæ§˜.xlsx,04_å”è³›,"å”è³›ãƒªã‚¿ãƒ¼ãƒ³, éç¨‹ã‚¤ãƒ™ãƒ³ãƒˆä¼ç”»æ›¸",æœªç€æ‰‹,https://docs.google.com/spreadsheets/d/1gBJh_MWX_AVvL4NG569P8A4_CQlvrgEtifKXPEBAauE/edit?usp=drivesdk,,ç¥æˆ
ã€åˆåŒä¼šç¤¾PowerLifeæ§˜ã€‘å”è³›å¥‘ç´„æ›¸.docx,04_å”è³›,å”è³›å¥‘ç´„æ›¸,æœªç€æ‰‹,https://docs.google.com/document/d/1dxsljZUSSc9GVuZc9G0Ri019PXQzMby7/edit?usp=drivesdk&ouid=101007590592271005687&rtpof=true&sd=true,,ç¥æˆ
ã€æ ªå¼ä¼šç¤¾ã€‡ã€‡æ§˜ã€‘å”è³›å¥‘ç´„æ›¸.docx,04_å”è³›,"å”è³›ãƒªã‚¿ãƒ¼ãƒ³, éç¨‹ã‚¤ãƒ™ãƒ³ãƒˆä¼ç”»æ›¸",æœªç€æ‰‹,https://docs.google.com/document/d/1dvbIqZiw7P02dqlRTSWYBauqCo-ASbsr/edit?usp=drivesdk&ouid=101007590592271005687&rtpof=true&sd=true,,ç¥æˆ
07_Shaperé–¢é€£,04_å”è³›,åˆ¥æ åœ°åŸŸæ ,æœªç€æ‰‹,https://www.google.com/url?sa=E&source=gmail&q=https://drive.google.com/drive/folders/1kuthaXxLjGFQNAocsnBXoMwwoS4k1JxM,,ç¥æˆ
251130 Shaperä¼š,04_å”è³›,å‡ºæ¬ ãƒ•ã‚©ãƒ¼ãƒ ,æœªç€æ‰‹,https://www.google.com/url?sa=E&source=gmail&q=https://drive.google.com/drive/folders/1RWnDFYsWRn8lHopABOSSKsn3_ANMIyNJ,,ç¥æˆ
08_SNS,04_å”è³›,åˆ¥æ åœ°åŸŸæ ,æœªç€æ‰‹,https://www.google.com/url?sa=E&source=gmail&q=https://drive.google.com/drive/folders/12c10X_BNF8R_bXUWqZtxYlZsZ3f47yxM,,ç¥æˆ
01_TOP,04_å”è³›,TOP,æœªç€æ‰‹,https://www.google.com/url?sa=E&source=gmail&q=https://drive.google.com/drive/folders/1-S7Kb6lDmxCgYc27Y9bhXZhh3EoSECY3,,ç¥æˆ
01_ãƒ–ãƒ¼ã‚¹,04_å”è³›,ãƒ–ãƒ¼ã‚¹,æœªç€æ‰‹,https://www.google.com/url?sa=E&source=gmail&q=https://drive.google.com/drive/folders/1ks_wIs4lsB_-LKF6sSKRiuD-SyZADGk7,,ç¥æˆ
02_DIAMOND,04_å”è³›,DIAMOND,æœªç€æ‰‹,https://www.google.com/url?sa=E&source=gmail&q=https://drive.google.com/drive/folders/1NEXMmyLD0nUVPtCmasZb1yVDMpEIP5gk,,ç¥æˆ
03_PLUTINUM,04_å”è³›,PLUTINUM,æœªç€æ‰‹,https://www.google.com/url?sa=E&source=gmail&q=https://drive.google.com/drive/folders/1xYdXEJI_POCZipM517u7iiJejEzEM-3v,,ç¥æˆ
03_ç‰©èªã‚Šãƒãƒ¼ãƒˆ,04_å”è³›,ç‰©èªã‚Šãƒãƒ¼ãƒˆ,æœªç€æ‰‹,https://www.google.com/url?sa=E&source=gmail&q=https://drive.google.com/drive/folders/1NbiVqBJNStUOAUn_a7TuamXj0LdLh9Kz,,ç¥æˆ
04_åˆ¥æ åœ°åŸŸæ ,04_å”è³›,åˆ¥æ åœ°åŸŸæ ,æœªç€æ‰‹,https://www.google.com/url?sa=E&source=gmail&q=https://drive.google.com/drive/folders/1eLSvJ4xN1PRhJpDCpX-8-ak5kwGI5B59,,ç¥æˆ
2026å¹´ SFFèª¬æ˜ä¼šãŠç”³ã—è¾¼ã¿ãƒ•ã‚©ãƒ¼ãƒ ,04_å”è³›,å‡ºæ¬ ãƒ•ã‚©ãƒ¼ãƒ ,æœªç€æ‰‹,https://www.google.com/url?sa=E&source=gmail&q=https://docs.google.com/forms/d/1jvFFgWckzLpEX3_LNqyOZ8jJVIHG8Prrv12YlVrhHUk/edit?usp=drivesdk,,ç¥æˆ
ã€ã‚¢ã‚¸ã‚§ãƒ³ãƒ€ã€‘Belisseæ§˜Ã—Shape Fit,04_å”è³›,"å”è³›ãƒªã‚¿ãƒ¼ãƒ³, éç¨‹ã‚¤ãƒ™ãƒ³ãƒˆä¼ç”»æ›¸",æœªç€æ‰‹,https://docs.google.com/document/d/1CN8QBRdZb6pXiwa67D4Jd6rtmQDJee2ga94JyjLTCgs/edit?usp=drivesdk,,ç¥æˆ
ã€ã‚¢ã‚¸ã‚§ãƒ³ãƒ€ã€‘ã‚¤ã‚¨ãƒ­ãƒ¼ãƒ†ãƒ¼ãƒ«æ§˜Ã—Shape Fit,04_å”è³›,"å”è³›ãƒªã‚¿ãƒ¼ãƒ³, éç¨‹ã‚¤ãƒ™ãƒ³ãƒˆä¼ç”»æ›¸",æœªç€æ‰‹,https://docs.google.com/document/d/1LCz-h1NS8Xp0xCiBhpUlyQzAH0JPtL_dadkVc-k_qRs/edit?usp=drivesdk,,ç¥æˆ
ã€å…¬é–‹æœŸé™è‡ªå‹•åŒ–ãƒ†ã‚¹ãƒˆã€‘Shapeã‚¢ãƒƒãƒ—ãƒ‡ãƒ¼ãƒˆä¼šè­° å‡ºæ¬ ãƒ•ã‚©ãƒ¼ãƒ ,04_å”è³›,"å”è³›ãƒªã‚¿ãƒ¼ãƒ³, éç¨‹ã‚¤ãƒ™ãƒ³ãƒˆä¼ç”»æ›¸",æœªç€æ‰‹,https://www.google.com/url?sa=E&source=gmail&q=https://docs.google.com/forms/d/1lfyC0zGbRNdBrKWfsxoCGpsTqYxZaGo5E4AgBY9aaOQ/edit?usp=drivesdk,,ç¥æˆ
ã€å…¬é–‹æœŸé™è‡ªå‹•åŒ–ãƒ†ã‚¹ãƒˆã€‘Shapeã‚¢ãƒƒãƒ—ãƒ‡ãƒ¼ãƒˆä¼šè­° å‡ºæ¬ ãƒ•ã‚©ãƒ¼ãƒ ï¼ˆå›ç­”ï¼‰,04_å”è³›,"å”è³›ãƒªã‚¿ãƒ¼ãƒ³, éç¨‹ã‚¤ãƒ™ãƒ³ãƒˆä¼ç”»æ›¸",æœªç€æ‰‹,https://docs.google.com/spreadsheets/d/1TEH4SBY-apoSlMJ9L440T3zjwlu-BgH84R2kQqjtHMI/edit?usp=drivesdk,,ç¥æˆ
ğŸ¤ Shaperä¼šå¸ä¼šãƒˆãƒ¼ã‚¯ã‚¹ã‚¯ãƒªãƒ—ãƒˆ,07_Shaperé–¢é€£,ãƒˆãƒ¼ã‚¯ã‚¹ã‚¯ãƒªãƒ—ãƒˆ,æœªç€æ‰‹,https://docs.google.com/document/d/1Wla4zC8IkZRxWfgYsq7qjw4nbGoQR-k5D4xt49G8NJM/edit?usp=drivesdk,,ç¥æˆ
ã€SFFã€‘ã‚¤ãƒ™ãƒ³ãƒˆå‹Ÿé›†ç³»ãƒ†ãƒ³ãƒ—ãƒ¬ãƒ¼ãƒˆ,09_å…¨ä½“ä¼šè­°/ã‚¢ãƒƒãƒ—ãƒ‡ãƒ¼ãƒˆä¼šè­°,å‡ºæ¬ ãƒ•ã‚©ãƒ¼ãƒ ,æœªç€æ‰‹,https://www.google.com/url?sa=E&source=gmail&q=https://docs.google.com/forms/d/10PpDnAm-07oS4AZe7ZvncZJGq40LEM5bWMUxu9mBKBE/edit?usp=drivesdk,,ç¥æˆ
ã”æ¡ˆå†…æ–‡ç« ,09_å…¨ä½“ä¼šè­°/ã‚¢ãƒƒãƒ—ãƒ‡ãƒ¼ãƒˆä¼šè­°,æ¡ˆå†…æ–‡,æœªç€æ‰‹,https://docs.google.com/document/d/1Df3Wl6Zhz3ktEr7FPgeqMzlqeTFYYmHntizfPG6DYHI/edit?usp=drivesdk,,ç¥æˆ
SFFå”è³›èª¬æ˜ä¼š è­°äº‹éŒ² issinæ ªå¼ä¼šç¤¾æ§˜,09_å…¨ä½“ä¼šè­°/ã‚¢ãƒƒãƒ—ãƒ‡ãƒ¼ãƒˆä¼šè­°,å‡ºæ¬ ãƒ•ã‚©ãƒ¼ãƒ ,æœªç€æ‰‹,https://docs.google.com/document/d/1SriILIb5OHa8jk-dfKqIYY9fkFTu9w_mRRzpOVji-Dc/edit?usp=drivesdk,,ç¥æˆ
SFFå”è³›èª¬æ˜ä¼š è­°äº‹éŒ² ã‚¹ãƒ†ãƒ‡ã‚£ã‚¸ãƒ£ãƒ‘ãƒ³æ ªå¼ä¼šç¤¾æ§˜,09_å…¨ä½“ä¼šè­°/ã‚¢ãƒƒãƒ—ãƒ‡ãƒ¼ãƒˆä¼šè­°,å‡ºæ¬ ãƒ•ã‚©ãƒ¼ãƒ ,æœªç€æ‰‹,https://docs.google.com/document/d/1wdeXOe14nLVwG0eJn--_NS_C_COrFyCEM1VHrAt4orI/edit?usp=drivesdk,,ç¥æˆ
SFFå”è³›èª¬æ˜ä¼š è­°äº‹éŒ² æ ªå¼ä¼šç¤¾VEATMæ§˜,09_å…¨ä½“ä¼šè­°/ã‚¢ãƒƒãƒ—ãƒ‡ãƒ¼ãƒˆä¼šè­°,å‡ºæ¬ ãƒ•ã‚©ãƒ¼ãƒ ,æœªç€æ‰‹,https://docs.google.com/document/d/1afxQ6PNgXzkw-LlCJ9k0r0tvYQ3TVIaDsufsZTQwxKc/edit?usp=drivesdk,,ç¥æˆ
SFFå”è³›èª¬æ˜ä¼š è­°äº‹éŒ² æ ªå¼ä¼šç¤¾ã‚¹ãƒªãƒ¼ãƒ”ãƒ¼ã‚¹æ§˜,09_å…¨ä½“ä¼šè­°/ã‚¢ãƒƒãƒ—ãƒ‡ãƒ¼ãƒˆä¼šè­°,å‡ºæ¬ ãƒ•ã‚©ãƒ¼ãƒ ,æœªç€æ‰‹,https://docs.google.com/document/d/1CkMGSYgExzfgRqWdtWF0LhqrSzuHnalrJek0YxGtjJA/edit?usp=drivesdk,,ç¥æˆ
SFFå”è³›èª¬æ˜ä¼š è­°äº‹éŒ² æ ªå¼ä¼šç¤¾æ¥µæ´‹æ§˜,09_å…¨ä½“ä¼šè­°/ã‚¢ãƒƒãƒ—ãƒ‡ãƒ¼ãƒˆä¼šè­°,å‡ºæ¬ ãƒ•ã‚©ãƒ¼ãƒ ,æœªç€æ‰‹,https://docs.google.com/document/d/14r7WClT0r7SnYoqR7e_Nzw-zwBafSFh0RqlVTdQuaUE/edit?usp=drivesdk,,ç¥æˆ
SFFå”è³›èª¬æ˜ä¼š è­°äº‹éŒ² åˆåŒä¼šç¤¾PowerLifeæ§˜,09_å…¨ä½“ä¼šè­°/ã‚¢ãƒƒãƒ—ãƒ‡ãƒ¼ãƒˆä¼šè­°,å‡ºæ¬ ãƒ•ã‚©ãƒ¼ãƒ ,æœªç€æ‰‹,https://docs.google.com/document/d/12qzXNnMPklRAgnk1MJ65l6cx1-8jo_9GDAYa3od0n4c/edit?usp=drivesdk,,ç¥æˆ
ã”å”è³›ã‚·ãƒŸãƒ¥ãƒ¬ãƒ¼ã‚·ãƒ§ãƒ³,09_å…¨ä½“ä¼šè­°/ã‚¢ãƒƒãƒ—ãƒ‡ãƒ¼ãƒˆä¼šè­°,æ¡ˆå†…æ–‡,æœªç€æ‰‹,https://docs.google.com/spreadsheets/d/1OVTTTTUJIYOn6LW0A4L0gOdZtS4RZ3EqjL5SO_EStCA/edit?usp=drivesdk,,ç¥æˆ
å”è³›èª¬æ˜è­°äº‹éŒ²,09_å…¨ä½“ä¼šè­°/ã‚¢ãƒƒãƒ—ãƒ‡ãƒ¼ãƒˆä¼šè­°,æ¡ˆå†…æ–‡,æœªç€æ‰‹,https://www.google.com/url?sa=E&source=gmail&q=https://drive.google.com/drive/folders/1Ok18-g-9qZR1R8GI4RtemRrkI6YZc5-d,,ç¥æˆ
Shaperã®ä¼šã‚ªãƒ¼ãƒ—ãƒ³ãƒãƒ£ãƒƒãƒˆæ–‡,09_å…¨ä½“ä¼šè­°/ã‚¢ãƒƒãƒ—ãƒ‡ãƒ¼ãƒˆä¼šè­°,å‡ºæ¬ ãƒ•ã‚©ãƒ¼ãƒ ,æœªç€æ‰‹,https://docs.google.com/spreadsheets/d/138yvYqMHK8KwkQjGpgghAMHnYNi0aB7YnWSwyPlSqxY/edit?usp=drivesdk,,ç¥æˆ
Shaperä¼ç”»æ›¸,09_å…¨ä½“ä¼šè­°/ã‚¢ãƒƒãƒ—ãƒ‡ãƒ¼ãƒˆä¼šè­°,å‡ºæ¬ ãƒ•ã‚©ãƒ¼ãƒ ,æœªç€æ‰‹,https://docs.google.com/spreadsheets/d/19RgpbMCon6gBN4PfdI6_5_d2BZQxCtQwKExsod1aNtQ/edit?usp=drivesdk,,ç¥æˆ
Shaperæ„Ÿè¬ä¼šã‚¹ã‚±ã‚¸ãƒ¥ãƒ¼ãƒ«,09_å…¨ä½“ä¼šè­°/ã‚¢ãƒƒãƒ—ãƒ‡ãƒ¼ãƒˆä¼šè­°,å‡ºæ¬ ãƒ•ã‚©ãƒ¼ãƒ ,æœªç€æ‰‹,https://docs.google.com/presentation/d/1MvmaEEFZZFLua3akazfAfuro5HW_wJ7mbvP4QQ9MgO4/edit?usp=drivesdk,,ç¥æˆ
Instagramå…±åŒæŠ•ç¨¿ã®ã‚„ã‚Šæ–¹.pdf,09_å…¨ä½“ä¼šè­°/ã‚¢ãƒƒãƒ—ãƒ‡ãƒ¼ãƒˆä¼šè­°,å‡ºæ¬ ãƒ•ã‚©ãƒ¼ãƒ ,æœªç€æ‰‹,https://www.google.com/url?sa=E&source=gmail&q=https://drive.google.com/file/d/1MFwDrm3zJTRRBLZA6SxXYMKBL4CNNhDd/view?usp=drivesdk,,ç¥æˆ
251130 Shapeã‚¢ãƒƒãƒ—ãƒ‡ãƒ¼ãƒˆä¼šè­°ã‚¤ãƒ™ãƒ³ãƒˆå ±å‘Šã‚¹ãƒ—ãƒ¬ãƒƒãƒ‰ã‚·ãƒ¼ãƒˆ,09_å…¨ä½“ä¼šè­°/ã‚¢ãƒƒãƒ—ãƒ‡ãƒ¼ãƒˆä¼šè­°,ã‚¤ãƒ™ãƒ³ãƒˆå ±å‘Š,æœªç€æ‰‹,https://docs.google.com/spreadsheets/d/141B7e75N4inx7qW9Pm2hFHgtu1EBK3kwQDRd-tcH79U/edit?usp=drivesdk,,ç¥æˆ
FAQã¾ã¨ã‚,09_å…¨ä½“ä¼šè­°/ã‚¢ãƒƒãƒ—ãƒ‡ãƒ¼ãƒˆä¼šè­°,å‡ºæ¬ ãƒ•ã‚©ãƒ¼ãƒ ,æœªç€æ‰‹,https://docs.google.com/spreadsheets/d/11A0oEt_gKlaOuAyLJMb2RCWgqC2K530SQRfBWHY5q6Q/edit?usp=drivesdk,,ç¥æˆ
R7.4.1è—¤äº•å¯ºå¸‚ç«‹å¸‚æ°‘ç·åˆä¼šé¤¨æŠ€è¡“å“¡æ–™é‡‘æ”¹å®šæ¡ˆå†….pdf,09_å…¨ä½“ä¼šè­°/ã‚¢ãƒƒãƒ—ãƒ‡ãƒ¼ãƒˆä¼šè­°,å‡ºæ¬ ãƒ•ã‚©ãƒ¼ãƒ ,æœªç€æ‰‹,https://www.google.com/url?sa=E&source=gmail&q=https://drive.google.com/file/d/1LjboFugtE6-a8n0VKTORwpFQA36sOmfv/view?usp=drivesdk,,ç¥æˆ
Shapeã‚¢ãƒƒãƒ—ãƒ‡ãƒ¼ãƒˆä¼šè­°,09_å…¨ä½“ä¼šè­°/ã‚¢ãƒƒãƒ—ãƒ‡ãƒ¼ãƒˆä¼šè­°,å‡ºæ¬ ãƒ•ã‚©ãƒ¼ãƒ ,æœªç€æ‰‹,https://www.google.com/url?sa=E&source=gmail&q=https://docs.google.com/forms/d/15AEk5-3PeNnjm_6wzCYacJjK8GmYcIsfoIdjh9gF6_U/edit?usp=drivesdk,,ç¥æˆ
Shapeã‚¢ãƒƒãƒ—ãƒ‡ãƒ¼ãƒˆä¼šè­° å‡ºæ¬ ãƒ•ã‚©ãƒ¼ãƒ ,09_å…¨ä½“ä¼šè­°/ã‚¢ãƒƒãƒ—ãƒ‡ãƒ¼ãƒˆä¼šè­°,å‡ºæ¬ ãƒ•ã‚©ãƒ¼ãƒ ,æœªç€æ‰‹,https://www.google.com/url?sa=E&source=gmail&q=https://docs.google.com/forms/d/1sJ6US38I9Lp4qBLXjdV76aEj640SkoEpcPLGIutT5Fw/edit?usp=drivesdk,,ç¥æˆ
Shapeã‚¢ãƒƒãƒ—ãƒ‡ãƒ¼ãƒˆä¼šè­° å‡ºæ¬ ãƒ•ã‚©ãƒ¼ãƒ ï¼ˆå›ç­”ï¼‰,09_å…¨ä½“ä¼šè­°/ã‚¢ãƒƒãƒ—ãƒ‡ãƒ¼ãƒˆä¼šè­°,å‡ºæ¬ ãƒ•ã‚©ãƒ¼ãƒ ,æœªç€æ‰‹,https://docs.google.com/spreadsheets/d/1dp1IU53EwIAYnaxawxF-mz6kxJYlZ6KzoZbJWLnxNWc/edit?usp=drivesdk,,ç¥æˆ